,06/07,07/08,08/09,09/10,10/11,11/12,12/13,13/14,14/15,15/16
,0607,0708,0809,0910,1011,1112,1213,1314,1415,1516
,,,,,,,,,,
All participating NHS Boards,,,,,,,,,,
Number of children measured,"25,217","28,285","34,470","45,996","41,220","52,544","54,498","55,069","54,995","53,637"
,,,,,,,,,,
Underweight (clinical),0.5,0.6,0.6,0.5,0.6,0.4,0.3,0.4,0.4,0.4
                   Lower limit of 95% confidence interval,0.4,0.6,0.6,0.5,0.5,0.4,0.3,0.3,0.3,0.3
                   Upper limit of 95% confidence interval,0.5,0.7,0.6,0.6,0.6,0.4,0.3,0.4,0.4,0.4
,,,,,,,,,,
Healthy weight (clinical),84.3,84.9,85.2,84.7,84.7,84.6,85.1,84.1,84.7,84.7
                   Lower limit of 95% confidence interval,84.0,84.7,85.0,84.6,84.5,84.6,85.0,84.0,84.6,84.6
                   Upper limit of 95% confidence interval,84.6,85.2,85.4,84.9,84.9,84.7,85.1,84.2,84.8,84.8
,,,,,,,,,,
Overweight (clinical),9.1,8.7,8.6,8.8,8.8,8.8,8.8,9.2,8.7,8.6
                   Lower limit of 95% confidence interval,8.9,8.5,8.4,8.7,8.6,8.8,8.8,9.1,8.7,8.5
                   Upper limit of 95% confidence interval,9.3,8.9,8.7,8.9,8.9,8.9,8.9,9.3,8.8,8.7
,,,,,,,,,,
Obese (clinical),3.7,3.4,3.4,3.6,3.4,3.6,3.4,3.8,3.7,3.7
                   Lower limit of 95% confidence interval,3.6,3.3,3.3,3.5,3.3,3.6,3.4,3.8,3.7,3.7
                   Upper limit of 95% confidence interval,3.9,3.5,3.5,3.7,3.5,3.6,3.5,3.9,3.8,3.7
,,,,,,,,,,
Severely obese (clinical),2.4,2.3,2.2,2.3,2.6,2.5,2.3,2.6,2.5,2.6
                   Lower limit of 95% confidence interval,2.3,2.2,2.1,2.2,2.5,2.5,2.3,2.5,2.4,2.6
                   Upper limit of 95% confidence interval,2.5,2.4,2.3,2.3,2.6,2.5,2.3,2.6,2.5,2.7
,,,,,,,,,,
,,,,,,,,,,
"Overweight, Obese and severely obese combined (clinical) ",15.2,14.4,14.2,14.7,14.7,14.9,14.6,15.6,14.9,14.9
                   Lower limit of 95% confidence interval,14.9,14.2,14.0,14.6,14.5,14.9,14.5,15.5,14.8,14.8
                   Upper limit of 95% confidence interval,15.5,14.7,14.4,14.9,14.9,15.0,14.6,15.6,15.0,15.0
,,,,,,,,,,
Obese and severely obese combined (clinical) ,6.1,5.8,5.6,5.9,6.0,6.1,5.7,6.4,6.2,6.3
                   Lower limit of 95% confidence interval,5.9,5.6,5.5,5.8,5.8,6.0,5.7,6.3,6.1,6.3
                   Upper limit of 95% confidence interval,6.3,5.9,5.7,6.0,6.1,6.1,5.8,6.4,6.2,6.4
,,,,,,,,,,
Aberdeen City,,,,,,,,,,
Number of children measured,x,x,x,"1,509","1,769","1,667","1,967","1,939","1,900","1,937"
,,,,,,,,,,
Underweight (clinical),x,x,x,0.6,0.6,1.2,0.3,0.4,0.3,1.2
                   Lower limit of 95% confidence interval,x,x,x,0.4,0.5,1.0,0.2,0.3,0.2,1.0
                   Upper limit of 95% confidence interval,x,x,x,0.8,0.7,1.4,0.3,0.5,0.4,1.4
,,,,,,,,,,
Healthy weight (clinical),x,x,x,85.5,86.3,83.0,85.8,82.2,84.5,83.2
                   Lower limit of 95% confidence interval,x,x,x,84.7,85.8,82.3,85.5,81.5,83.9,82.6
                   Upper limit of 95% confidence interval,x,x,x,86.2,86.8,83.8,86.2,82.8,85.2,83.9
,,,,,,,,,,
Overweight (clinical),x,x,x,7.6,7.3,9.4,8.3,10.1,8.6,8.7
                   Lower limit of 95% confidence interval,x,x,x,7.1,7.0,8.8,8.0,9.6,8.1,8.2
                   Upper limit of 95% confidence interval,x,x,x,8.2,7.7,9.9,8.6,10.6,9.1,9.2
,,,,,,,,,,
Obese (clinical),x,x,x,3.6,3.2,4.1,3.2,4.3,3.3,4.0
                   Lower limit of 95% confidence interval,x,x,x,3.2,2.9,3.7,3.0,4.0,2.9,3.7
                   Upper limit of 95% confidence interval,x,x,x,4.0,3.4,4.5,3.4,4.6,3.6,4.4
,,,,,,,,,,
Severely obese (clinical),x,x,x,2.7,2.5,2.3,2.4,3.1,3.4,2.9
                   Lower limit of 95% confidence interval,x,x,x,2.3,2.3,2.0,2.3,2.8,3.0,2.6
                   Upper limit of 95% confidence interval,x,x,x,3.0,2.8,2.6,2.6,3.4,3.7,3.2
,,,,,,,,,,
,,,,,,,,,,
"Overweight, Obese and severely obese combined (clinical) ",x,x,x,13.9,13.1,15.8,13.9,17.5,15.2,15.6
                   Lower limit of 95% confidence interval,x,x,x,13.2,12.6,15.1,13.6,16.9,14.6,14.9
                   Upper limit of 95% confidence interval,x,x,x,14.7,13.5,16.5,14.3,18.1,15.9,16.2
,,,,,,,,,,
Obese and severely obese combined (clinical) ,x,x,x,6.3,5.7,6.4,5.6,7.4,6.6,6.9
                   Lower limit of 95% confidence interval,x,x,x,5.8,5.4,5.9,5.4,7.0,6.2,6.5
                   Upper limit of 95% confidence interval,x,x,x,6.8,6.0,6.9,5.9,7.8,7.1,7.4
,,,,,,,,,,
Aberdeenshire,,,,,,,,,,
Number of children measured,x,x,x,"2,593","2,591","2,742","2,701","2,969","3,013","2,890"
,,,,,,,,,,
Underweight (clinical),x,x,x,0.4,0.6,0.3,0.2,0.3,0.2,0.2
                   Lower limit of 95% confidence interval,x,x,x,0.4,0.5,0.2,0.1,0.2,0.2,0.1
                   Upper limit of 95% confidence interval,x,x,x,0.5,0.7,0.3,0.2,0.3,0.3,0.2
,,,,,,,,,,
Healthy weight (clinical),x,x,x,85.9,87.2,86.6,85.2,83.4,84.9,83.9
                   Lower limit of 95% confidence interval,x,x,x,85.6,86.8,86.3,84.8,83.0,84.5,83.4
                   Upper limit of 95% confidence interval,x,x,x,86.3,87.6,87.0,85.6,83.7,85.3,84.5
,,,,,,,,,,
Overweight (clinical),x,x,x,7.8,6.9,7.5,9.2,10.0,8.6,9.0
                   Lower limit of 95% confidence interval,x,x,x,7.5,6.6,7.2,8.8,9.7,8.3,8.6
                   Upper limit of 95% confidence interval,x,x,x,8.0,7.2,7.8,9.5,10.2,8.9,9.4
,,,,,,,,,,
Obese (clinical),x,x,x,3.9,3.2,3.4,3.3,3.8,4.0,4.0
                   Lower limit of 95% confidence interval,x,x,x,3.7,3.0,3.2,3.0,3.6,3.8,3.7
                   Upper limit of 95% confidence interval,x,x,x,4.1,3.4,3.5,3.5,4.0,4.3,4.3
,,,,,,,,,,
Severely obese (clinical),x,x,x,2.0,2.1,2.2,2.2,2.6,2.2,2.8
                   Lower limit of 95% confidence interval,x,x,x,1.8,2.0,2.1,2.0,2.4,2.1,2.6
                   Upper limit of 95% confidence interval,x,x,x,2.1,2.3,2.4,2.4,2.7,2.4,3.1
,,,,,,,,,,
,,,,,,,,,,
"Overweight, Obese and severely obese combined (clinical) ",x,x,x,13.7,12.2,13.1,14.6,16.4,14.8,15.9
                   Lower limit of 95% confidence interval,x,x,x,13.3,11.9,12.8,14.2,16.0,14.4,15.4
                   Upper limit of 95% confidence interval,x,x,x,14.0,12.6,13.4,15.1,16.7,15.2,16.4
,,,,,,,,,,
Obese and severely obese combined (clinical) ,x,x,x,5.9,5.3,5.6,5.4,6.4,6.3,6.9
                   Lower limit of 95% confidence interval,x,x,x,5.6,5.1,5.4,5.2,6.2,6.0,6.5
                   Upper limit of 95% confidence interval,x,x,x,6.1,5.6,5.8,5.7,6.6,6.5,7.2
,,,,,,,,,,
Angus,,,,,,,,,,
Number of children measured,"1,244","1,079","1,205","1,158","1,177","1,169","1,223","1,247","1,188","1,174"
,,,,,,,,,,
Underweight (clinical),0.5,0.4,0.1,0.3,0.4,0.1,0.1,0.1,-,0.1
                   Lower limit of 95% confidence interval,0.5,0.3,0.1,0.3,0.3,0.1,0.1,0.1,-,0.0
                   Upper limit of 95% confidence interval,0.5,0.5,0.1,0.4,0.5,0.1,0.1,0.1,-,0.1
,,,,,,,,,,
Healthy weight (clinical),85.0,89.6,82.8,84.0,82.2,83.3,86.6,83.3,84.2,86.4
                   Lower limit of 95% confidence interval,85.0,89.1,82.8,83.5,81.8,83.3,86.6,83.0,83.9,85.9
                   Upper limit of 95% confidence interval,85.0,90.1,82.8,84.6,82.7,83.3,86.6,83.6,84.5,86.8
,,,,,,,,,,
Overweight (clinical),9.1,5.8,10.7,9.7,12.2,10.1,8.0,10.1,9.4,8.6
                   Lower limit of 95% confidence interval,9.1,5.5,10.7,9.2,11.8,10.1,8.0,9.9,9.2,8.2
                   Upper limit of 95% confidence interval,9.1,6.2,10.7,10.1,12.6,10.1,8.0,10.3,9.7,9.0
,,,,,,,,,,
Obese (clinical),3.1,2.6,3.8,4.1,3.1,4.2,3.6,3.8,4.0,2.9
                   Lower limit of 95% confidence interval,3.1,2.3,3.8,3.8,2.9,4.2,3.6,3.6,3.8,2.7
                   Upper limit of 95% confidence interval,3.1,2.8,3.8,4.3,3.4,4.2,3.6,3.9,4.1,3.1
,,,,,,,,,,
Severely obese (clinical),2.3,1.6,2.6,1.9,2.0,2.3,1.7,2.7,2.4,2.0
                   Lower limit of 95% confidence interval,2.3,1.4,2.6,1.7,1.8,2.3,1.7,2.6,2.3,1.8
                   Upper limit of 95% confidence interval,2.3,1.8,2.6,2.1,2.1,2.3,1.7,2.9,2.6,2.2
,,,,,,,,,,
,,,,,,,,,,
"Overweight, Obese and severely obese combined (clinical) ",14.5,10.0,17.1,15.6,17.3,16.6,13.3,16.6,15.8,13.5
                   Lower limit of 95% confidence interval,14.5,9.5,17.1,15.1,16.9,16.6,13.3,16.3,15.5,13.1
                   Upper limit of 95% confidence interval,14.5,10.5,17.1,16.2,17.8,16.6,13.3,16.9,16.1,14.0
,,,,,,,,,,
Obese and severely obese combined (clinical) ,5.4,4.2,6.4,6.0,5.1,6.5,5.3,6.5,6.4,4.9
                   Lower limit of 95% confidence interval,5.4,3.9,6.4,5.6,4.8,6.5,5.3,6.3,6.2,4.6
                   Upper limit of 95% confidence interval,5.4,4.5,6.4,6.3,5.4,6.5,5.3,6.7,6.6,5.2
,,,,,,,,,,
Argyll & Bute,,,,,,,,,,
Number of children measured,x,x,743,769,729,732,769,778,776,776
,,,,,,,,,,
Underweight (clinical),x,x,0.4,-,0.1,0.7,0.4,0.5,0.1,0.3
                   Lower limit of 95% confidence interval,x,x,0.3,-,0.0,0.5,0.3,0.4,0.0,0.2
                   Upper limit of 95% confidence interval,x,x,0.5,-,0.2,0.9,0.5,0.7,0.2,0.4
,,,,,,,,,,
Healthy weight (clinical),x,x,78.3,82.2,83.1,83.5,83.6,81.6,82.2,84.0
                   Lower limit of 95% confidence interval,x,x,77.6,81.2,82.1,82.5,83.0,80.8,81.3,83.3
                   Upper limit of 95% confidence interval,x,x,79.1,83.1,84.1,84.5,84.2,82.4,83.1,84.7
,,,,,,,,,,
Overweight (clinical),x,x,13.1,11.7,9.2,10.9,9.0,11.3,10.7,8.9
                   Lower limit of 95% confidence interval,x,x,12.4,10.9,8.4,10.1,8.5,10.6,10.0,8.3
                   Upper limit of 95% confidence interval,x,x,13.7,12.5,10.0,11.8,9.4,12.0,11.4,9.5
,,,,,,,,,,
Obese (clinical),x,x,4.7,3.4,4.7,2.7,4.2,3.7,5.3,3.9
                   Lower limit of 95% confidence interval,x,x,4.3,2.9,4.1,2.3,3.8,3.3,4.8,3.5
                   Upper limit of 95% confidence interval,x,x,5.1,3.8,5.2,3.2,4.5,4.1,5.8,4.2
,,,,,,,,,,
Severely obese (clinical),x,x,3.5,2.7,2.9,2.2,2.9,2.8,1.7,3.0
                   Lower limit of 95% confidence interval,x,x,3.2,2.3,2.4,1.8,2.6,2.5,1.4,2.6
                   Upper limit of 95% confidence interval,x,x,3.8,3.1,3.3,2.6,3.1,3.2,2.0,3.3
,,,,,,,,,,
,,,,,,,,,,
"Overweight, Obese and severely obese combined (clinical) ",x,x,21.3,17.8,16.7,15.8,16.0,17.9,17.7,15.7
                   Lower limit of 95% confidence interval,x,x,20.5,16.9,15.7,14.9,15.4,17.0,16.8,15.0
                   Upper limit of 95% confidence interval,x,x,22.0,18.8,17.7,16.8,16.6,18.7,18.5,16.4
,,,,,,,,,,
Obese and severely obese combined (clinical) ,x,x,8.2,6.1,7.5,4.9,7.0,6.6,7.0,6.8
                   Lower limit of 95% confidence interval,x,x,7.7,5.5,6.8,4.3,6.6,6.0,6.4,6.3
                   Upper limit of 95% confidence interval,x,x,8.7,6.7,8.3,5.5,7.4,7.1,7.5,7.3
,,,,,,,,,,
Scottish Borders,,,,,,,,,,
Number of children measured,"1,104","1,072","1,064","1,146","1,078","1,131","1,148","1,106","1,101","1,080"
,,,,,,,,,,
Underweight (clinical),0.2,0.2,0.4,0.3,0.5,0.2,-,0.1,0.1,0.6
                   Lower limit of 95% confidence interval,0.1,0.1,0.3,0.2,0.4,0.1,-,0.0,0.0,0.5
                   Upper limit of 95% confidence interval,0.2,0.3,0.5,0.3,0.6,0.2,-,0.1,0.1,0.6
,,,,,,,,,,
Healthy weight (clinical),84.2,86.4,86.1,85.3,86.5,86.1,86.6,85.1,85.6,85.6
                   Lower limit of 95% confidence interval,83.8,85.8,85.6,84.8,85.9,85.7,86.2,84.5,85.0,85.2
                   Upper limit of 95% confidence interval,84.6,87.0,86.6,85.7,87.0,86.5,86.9,85.7,86.1,86.1
,,,,,,,,,,
Overweight (clinical),10.2,8.8,8.6,8.6,7.7,7.7,8.3,9.2,8.9,8.2
                   Lower limit of 95% confidence interval,9.9,8.2,8.2,8.3,7.3,7.4,8.0,8.8,8.4,7.9
                   Upper limit of 95% confidence interval,10.6,9.3,9.1,9.0,8.1,8.0,8.6,9.7,9.4,8.6
,,,,,,,,,,
Obese (clinical),3.4,2.8,2.8,4.2,2.3,3.0,3.9,3.4,3.3,3.1
                   Lower limit of 95% confidence interval,3.2,2.5,2.6,3.9,2.1,2.8,3.7,3.1,3.0,2.9
                   Upper limit of 95% confidence interval,3.6,3.1,3.1,4.4,2.6,3.2,4.1,3.7,3.6,3.4
,,,,,,,,,,
Severely obese (clinical),1.9,1.9,2.1,1.7,3.1,3.0,1.2,2.2,2.2,2.4
                   Lower limit of 95% confidence interval,1.8,1.6,1.8,1.5,2.8,2.8,1.1,1.9,1.9,2.2
                   Upper limit of 95% confidence interval,2.0,2.1,2.3,1.8,3.3,3.2,1.3,2.4,2.4,2.6
,,,,,,,,,,
,,,,,,,,,,
"Overweight, Obese and severely obese combined (clinical) ",15.6,13.4,13.5,14.5,13.1,13.7,13.4,14.8,14.4,13.8
                   Lower limit of 95% confidence interval,15.2,12.8,13.0,14.0,12.5,13.3,13.1,14.3,13.8,13.4
                   Upper limit of 95% confidence interval,16.0,14.1,14.1,14.9,13.6,14.1,13.8,15.4,14.9,14.2
,,,,,,,,,,
Obese and severely obese combined (clinical) ,5.3,4.7,4.9,5.8,5.4,6.0,5.1,5.6,5.4,5.6
                   Lower limit of 95% confidence interval,5.1,4.3,4.6,5.6,5.0,5.8,4.9,5.2,5.1,5.3
                   Upper limit of 95% confidence interval,5.6,5.1,5.2,6.1,5.8,6.3,5.4,6.0,5.8,5.8
,,,,,,,,,,
Clackmannanshire,,,,,,,,,,
Number of children measured,533,352,584,504,581,526,639,613,553,589
,,,,,,,,,,
Underweight (clinical),-,-,0.3,-,0.3,0.2,-,-,0.2,0.5
                   Lower limit of 95% confidence interval,-,-,0.3,-,0.3,0.1,-,-,0.2,0.5
                   Upper limit of 95% confidence interval,-,-,0.3,-,0.3,0.3,-,-,0.2,0.5
,,,,,,,,,,
Healthy weight (clinical),83.7,86.4,83.6,84.3,84.2,84.8,87.6,81.4,85.0,83.9
                   Lower limit of 95% confidence interval,83.7,84.2,83.6,83.6,84.2,84.0,87.6,80.7,85.0,83.9
                   Upper limit of 95% confidence interval,83.7,88.6,83.6,85.1,84.2,85.6,87.6,82.1,85.0,83.9
,,,,,,,,,,
Overweight (clinical),9.2,6.3,8.9,10.1,7.9,8.4,8.0,12.4,8.5,9.7
                   Lower limit of 95% confidence interval,9.2,4.7,8.9,9.5,7.9,7.8,8.0,11.8,8.5,9.7
                   Upper limit of 95% confidence interval,9.2,7.8,8.9,10.7,7.9,9.0,8.0,13.0,8.5,9.7
,,,,,,,,,,
Obese (clinical),4.1,4.5,4.8,2.8,3.1,3.6,2.5,4.2,2.5,3.7
                   Lower limit of 95% confidence interval,4.1,3.2,4.8,2.4,3.1,3.2,2.5,3.9,2.5,3.7
                   Upper limit of 95% confidence interval,4.1,5.9,4.8,3.1,3.1,4.0,2.5,4.6,2.5,3.7
,,,,,,,,,,
Severely obese (clinical),3.0,2.8,2.4,2.8,4.5,3.0,1.9,2.0,3.8,2.2
                   Lower limit of 95% confidence interval,3.0,1.8,2.4,2.4,4.5,2.7,1.9,1.7,3.8,2.2
                   Upper limit of 95% confidence interval,3.0,3.9,2.4,3.1,4.5,3.4,1.9,2.2,3.8,2.2
,,,,,,,,,,
,,,,,,,,,,
"Overweight, Obese and severely obese combined (clinical) ",16.3,13.6,16.1,15.7,15.5,15.0,12.4,18.6,14.8,15.6
                   Lower limit of 95% confidence interval,16.3,11.4,16.1,14.9,15.5,14.3,12.4,17.9,14.8,15.6
                   Upper limit of 95% confidence interval,16.3,15.8,16.1,16.4,15.5,15.8,12.4,19.3,14.8,15.6
,,,,,,,,,,
Obese and severely obese combined (clinical) ,7.1,7.4,7.2,5.6,7.6,6.7,4.4,6.2,6.3,5.9
                   Lower limit of 95% confidence interval,7.1,5.7,7.2,5.1,7.6,6.1,4.4,5.8,6.3,5.9
                   Upper limit of 95% confidence interval,7.1,9.1,7.2,6.0,7.6,7.2,4.4,6.6,6.3,5.9
,,,,,,,,,,
West Dunbartonshire,,,,,,,,,,
Number of children measured,x,x,x,893,x,920,973,955,953,940
,,,,,,,,,,
Underweight (clinical),x,x,x,0.3,x,0.4,0.2,0.2,0.3,-
                   Lower limit of 95% confidence interval,x,x,x,0.2,x,0.4,0.1,0.1,0.2,-
                   Upper limit of 95% confidence interval,x,x,x,0.4,x,0.5,0.3,0.3,0.4,-
,,,,,,,,,,
Healthy weight (clinical),x,x,x,83.0,x,82.3,84.9,81.9,82.2,86.4
                   Lower limit of 95% confidence interval,x,x,x,82.3,x,81.8,84.4,81.1,81.4,85.7
                   Upper limit of 95% confidence interval,x,x,x,83.7,x,82.8,85.4,82.6,82.9,87.0
,,,,,,,,,,
Overweight (clinical),x,x,x,9.2,x,10.8,9.2,12.1,11.8,7.3
                   Lower limit of 95% confidence interval,x,x,x,8.7,x,10.4,8.9,11.5,11.1,6.8
                   Upper limit of 95% confidence interval,x,x,x,9.7,x,11.2,9.6,12.8,12.4,7.8
,,,,,,,,,,
Obese (clinical),x,x,x,4.5,x,3.6,3.1,3.4,4.0,3.7
                   Lower limit of 95% confidence interval,x,x,x,4.1,x,3.4,2.9,3.0,3.6,3.4
                   Upper limit of 95% confidence interval,x,x,x,4.9,x,3.8,3.3,3.7,4.4,4.1
,,,,,,,,,,
Severely obese (clinical),x,x,x,3.0,x,2.9,2.6,2.4,1.8,2.6
                   Lower limit of 95% confidence interval,x,x,x,2.7,x,2.7,2.4,2.1,1.5,2.3
                   Upper limit of 95% confidence interval,x,x,x,3.3,x,3.1,2.8,2.7,2.0,2.9
,,,,,,,,,,
,,,,,,,,,,
"Overweight, Obese and severely obese combined (clinical) ",x,x,x,16.7,x,17.3,14.9,17.9,17.5,13.6
                   Lower limit of 95% confidence interval,x,x,x,16.0,x,16.8,14.4,17.2,16.8,13.0
                   Upper limit of 95% confidence interval,x,x,x,17.4,x,17.8,15.4,18.6,18.2,14.3
,,,,,,,,,,
Obese and severely obese combined (clinical) ,x,x,x,7.5,x,6.5,5.7,5.8,5.8,6.3
                   Lower limit of 95% confidence interval,x,x,x,7.0,x,6.2,5.4,5.3,5.3,5.8
                   Upper limit of 95% confidence interval,x,x,x,8.0,x,6.8,6.0,6.2,6.2,6.7
,,,,,,,,,,
Dumfries & Galloway,,,,,,,,,,
Number of children measured,"1,214","1,334","1,378","1,458","1,405","1,457","1,428","1,267","1,421","1,385"
,,,,,,,,,,
Underweight (clinical),0.2,0.1,0.5,-,-,0.3,0.3,0.2,-,0.1
                   Lower limit of 95% confidence interval,0.1,0.1,0.4,-,-,0.3,0.2,0.1,-,0.0
                   Upper limit of 95% confidence interval,0.2,0.1,0.6,-,-,0.4,0.4,0.2,-,0.1
,,,,,,,,,,
Healthy weight (clinical),84.5,83.6,84.4,82.2,85.0,83.5,84.5,83.3,82.3,81.2
                   Lower limit of 95% confidence interval,83.8,83.3,84.0,82.2,84.4,83.1,84.0,82.5,81.8,80.5
                   Upper limit of 95% confidence interval,85.3,83.9,84.8,82.2,85.5,83.9,85.1,84.2,82.9,81.8
,,,,,,,,,,
Overweight (clinical),8.5,10.9,8.8,10.6,9.4,8.6,9.6,9.6,10.5,11.6
                   Lower limit of 95% confidence interval,7.9,10.6,8.5,10.6,8.9,8.3,9.1,8.9,10.1,11.1
                   Upper limit of 95% confidence interval,9.1,11.1,9.1,10.6,9.8,8.9,10.1,10.2,10.9,12.2
,,,,,,,,,,
Obese (clinical),4.2,3.1,3.6,4.5,3.0,4.3,3.0,4.8,4.3,3.9
                   Lower limit of 95% confidence interval,3.8,3.0,3.4,4.5,2.7,4.1,2.7,4.3,4.0,3.6
                   Upper limit of 95% confidence interval,4.6,3.3,3.8,4.5,3.3,4.6,3.3,5.3,4.6,4.2
,,,,,,,,,,
Severely obese (clinical),2.6,2.3,2.8,2.7,2.6,3.2,2.6,2.1,2.9,3.2
                   Lower limit of 95% confidence interval,2.3,2.2,2.6,2.7,2.4,3.0,2.3,1.8,2.7,3.0
                   Upper limit of 95% confidence interval,3.0,2.4,2.9,2.7,2.9,3.4,2.8,2.5,3.1,3.5
,,,,,,,,,,
,,,,,,,,,,
"Overweight, Obese and severely obese combined (clinical) ",15.3,16.3,15.1,17.8,15.0,16.1,15.2,16.5,17.7,18.8
                   Lower limit of 95% confidence interval,14.6,16.0,14.7,17.8,14.5,15.7,14.6,15.6,17.1,18.1
                   Upper limit of 95% confidence interval,16.1,16.6,15.5,17.8,15.6,16.5,15.8,17.4,18.2,19.4
,,,,,,,,,,
Obese and severely obese combined (clinical) ,6.8,5.5,6.3,7.2,5.6,7.5,5.6,6.9,7.2,7.1
                   Lower limit of 95% confidence interval,6.3,5.3,6.1,7.2,5.3,7.3,5.2,6.4,6.8,6.7
                   Upper limit of 95% confidence interval,7.4,5.7,6.6,7.2,6.0,7.8,6.0,7.5,7.5,7.6
,,,,,,,,,,
Dundee City,,,,,,,,,,
Number of children measured,"1,343","1,315","1,401","1,405","1,448","1,440","1,511","1,602","1,508","1,541"
,,,,,,,,,,
Underweight (clinical),0.6,0.5,0.9,0.4,1.0,0.2,0.2,0.2,0.3,0.3
                   Lower limit of 95% confidence interval,0.6,0.4,0.9,0.4,0.9,0.2,0.2,0.2,0.2,0.3
                   Upper limit of 95% confidence interval,0.6,0.5,0.9,0.4,1.1,0.2,0.2,0.2,0.3,0.3
,,,,,,,,,,
Healthy weight (clinical),82.1,84.4,82.4,83.1,82.5,82.4,82.2,82.2,81.0,82.6
                   Lower limit of 95% confidence interval,82.0,84.1,82.4,83.0,82.2,82.4,82.2,82.2,80.5,82.6
                   Upper limit of 95% confidence interval,82.3,84.7,82.4,83.2,82.9,82.4,82.2,82.2,81.4,82.6
,,,,,,,,,,
Overweight (clinical),9.7,9.0,10.2,9.5,10.8,10.4,10.0,10.0,10.9,10.5
                   Lower limit of 95% confidence interval,9.5,8.8,10.2,9.5,10.6,10.4,10.0,10.0,10.5,10.5
                   Upper limit of 95% confidence interval,9.8,9.3,10.2,9.6,11.1,10.4,10.0,10.0,11.2,10.5
,,,,,,,,,,
Obese (clinical),4.7,3.5,3.9,4.0,3.3,4.6,4.4,4.6,4.5,4.2
                   Lower limit of 95% confidence interval,4.6,3.3,3.9,3.9,3.2,4.6,4.4,4.6,4.3,4.2
                   Upper limit of 95% confidence interval,4.8,3.7,3.9,4.0,3.5,4.6,4.4,4.6,4.7,4.2
,,,,,,,,,,
Severely obese (clinical),2.9,2.6,2.6,2.9,2.3,2.4,3.2,3.0,3.4,2.4
                   Lower limit of 95% confidence interval,2.8,2.4,2.6,2.9,2.1,2.4,3.2,3.0,3.2,2.4
                   Upper limit of 95% confidence interval,3.0,2.7,2.6,3.0,2.4,2.4,3.2,3.0,3.6,2.4
,,,,,,,,,,
,,,,,,,,,,
"Overweight, Obese and severely obese combined (clinical) ",17.3,15.1,16.7,16.4,16.4,17.4,17.6,17.6,18.8,17.1
                   Lower limit of 95% confidence interval,17.1,14.8,16.7,16.3,16.1,17.4,17.6,17.6,18.3,17.1
                   Upper limit of 95% confidence interval,17.4,15.5,16.7,16.5,16.8,17.4,17.6,17.6,19.2,17.1
,,,,,,,,,,
Obese and severely obese combined (clinical) ,7.6,6.1,6.5,6.9,5.6,7.0,7.6,7.6,7.9,6.6
                   Lower limit of 95% confidence interval,7.5,5.9,6.5,6.8,5.4,7.0,7.6,7.6,7.6,6.6
                   Upper limit of 95% confidence interval,7.7,6.3,6.5,7.0,5.8,7.0,7.6,7.6,8.2,6.6
,,,,,,,,,,
East Ayrshire,,,,,,,,,,
Number of children measured,x,977,"1,102","1,132","1,146","1,197","1,223","1,291","1,275","1,268"
,,,,,,,,,,
Underweight (clinical),x,1.8,0.8,0.6,0.7,0.8,0.2,1.0,0.5,0.2
                   Lower limit of 95% confidence interval,x,1.5,0.6,0.4,0.5,0.7,0.1,0.9,0.4,0.2
                   Upper limit of 95% confidence interval,x,2.2,1.0,0.8,0.9,1.0,0.2,1.1,0.7,0.3
,,,,,,,,,,
Healthy weight (clinical),x,82.8,86.3,87.2,83.5,84.2,85.3,79.0,83.2,82.8
                   Lower limit of 95% confidence interval,x,81.8,85.6,86.5,82.8,83.6,84.7,78.5,82.6,82.4
                   Upper limit of 95% confidence interval,x,83.9,87.0,87.9,84.2,84.9,85.8,79.5,83.8,83.2
,,,,,,,,,,
Overweight (clinical),x,7.6,7.5,6.8,9.9,9.0,8.6,12.3,10.4,9.3
                   Lower limit of 95% confidence interval,x,6.8,7.0,6.3,9.3,8.5,8.2,11.9,9.9,9.0
                   Upper limit of 95% confidence interval,x,8.3,8.1,7.4,10.4,9.5,9.0,12.7,10.8,9.6
,,,,,,,,,,
Obese (clinical),x,4.1,3.3,3.3,3.7,3.4,3.8,4.6,3.8,4.9
                   Lower limit of 95% confidence interval,x,3.5,2.9,2.9,3.3,3.1,3.5,4.3,3.5,4.7
                   Upper limit of 95% confidence interval,x,4.6,3.7,3.7,4.0,3.7,4.1,4.8,4.1,5.1
,,,,,,,,,,
Severely obese (clinical),x,3.7,2.1,2.1,2.3,2.5,2.2,3.1,2.0,2.8
                   Lower limit of 95% confidence interval,x,3.2,1.8,1.8,2.0,2.2,2.0,2.9,1.8,2.6
                   Upper limit of 95% confidence interval,x,4.2,2.4,2.4,2.5,2.8,2.4,3.3,2.3,2.9
,,,,,,,,,,
,,,,,,,,,,
"Overweight, Obese and severely obese combined (clinical) ",x,15.4,12.9,12.2,15.8,15.0,14.6,20.0,16.2,17.0
                   Lower limit of 95% confidence interval,x,14.4,12.2,11.5,15.1,14.3,14.0,19.5,15.7,16.6
                   Upper limit of 95% confidence interval,x,16.4,13.6,12.9,16.5,15.6,15.1,20.5,16.8,17.3
,,,,,,,,,,
Obese and severely obese combined (clinical) ,x,7.8,5.4,5.4,5.9,5.9,6.0,7.7,5.9,7.6
                   Lower limit of 95% confidence interval,x,7.0,4.9,4.9,5.5,5.5,5.6,7.3,5.5,7.4
                   Upper limit of 95% confidence interval,x,8.5,5.8,5.9,6.4,6.3,6.3,8.0,6.2,7.9
,,,,,,,,,,
East Dunbartonshire,,,,,,,,,,
Number of children measured,x,x,x,776,x,"1,003",932,"1,117","1,092",551
,,,,,,,,,,
Underweight (clinical),x,x,x,-,x,0.1,0.1,0.6,0.6,0.5
                   Lower limit of 95% confidence interval,x,x,x,-,x,0.0,0.0,0.5,0.5,0.1
                   Upper limit of 95% confidence interval,x,x,x,-,x,0.2,0.2,0.7,0.8,1.0
,,,,,,,,,,
Healthy weight (clinical),x,x,x,86.9,x,86.9,89.5,90.2,89.5,88.6
                   Lower limit of 95% confidence interval,x,x,x,85.5,x,86.2,88.8,89.8,89.0,86.7
                   Upper limit of 95% confidence interval,x,x,x,88.2,x,87.7,90.1,90.5,89.9,90.5
,,,,,,,,,,
Overweight (clinical),x,x,x,8.4,x,8.5,6.2,6.2,5.6,7.3
                   Lower limit of 95% confidence interval,x,x,x,7.3,x,7.9,5.7,5.9,5.2,5.7
                   Upper limit of 95% confidence interval,x,x,x,9.5,x,9.1,6.7,6.4,5.9,8.8
,,,,,,,,,,
Obese (clinical),x,x,x,2.8,x,2.9,2.9,2.1,2.7,2.2
                   Lower limit of 95% confidence interval,x,x,x,2.2,x,2.5,2.5,2.0,2.4,1.3
                   Upper limit of 95% confidence interval,x,x,x,3.5,x,3.3,3.3,2.3,2.9,3.1
,,,,,,,,,,
Severely obese (clinical),x,x,x,1.9,x,1.6,1.3,0.9,1.6,1.5
                   Lower limit of 95% confidence interval,x,x,x,1.4,x,1.3,1.0,0.8,1.5,0.7
                   Upper limit of 95% confidence interval,x,x,x,2.5,x,1.9,1.5,1.0,1.8,2.2
,,,,,,,,,,
,,,,,,,,,,
"Overweight, Obese and severely obese combined (clinical) ",x,x,x,13.1,x,13.0,10.4,9.2,9.9,10.9
                   Lower limit of 95% confidence interval,x,x,x,11.8,x,12.2,9.8,8.9,9.5,9.0
                   Upper limit of 95% confidence interval,x,x,x,14.5,x,13.7,11.1,9.5,10.3,12.8
,,,,,,,,,,
Obese and severely obese combined (clinical) ,x,x,x,4.8,x,4.5,4.2,3.0,4.3,3.6
                   Lower limit of 95% confidence interval,x,x,x,3.9,x,4.0,3.8,2.9,4.0,2.5
                   Upper limit of 95% confidence interval,x,x,x,5.6,x,4.9,4.6,3.2,4.6,4.7
,,,,,,,,,,
East Lothian,,,,,,,,,,
Number of children measured,"1,007",975,"1,054","1,025","1,106","1,121","1,192","1,208","1,155","1,181"
,,,,,,,,,,
Underweight (clinical),0.7,0.2,0.4,0.2,0.2,0.1,0.2,-,0.1,0.2
                   Lower limit of 95% confidence interval,0.6,0.1,0.4,0.1,0.1,0.0,0.1,-,0.0,0.1
                   Upper limit of 95% confidence interval,0.8,0.3,0.4,0.3,0.2,0.1,0.2,-,0.1,0.2
,,,,,,,,,,
Healthy weight (clinical),85.4,84.9,87.0,86.0,84.4,85.0,84.6,86.2,86.0,84.5
                   Lower limit of 95% confidence interval,85.0,84.4,87.0,85.3,84.0,84.5,84.3,85.7,85.4,84.1
                   Upper limit of 95% confidence interval,85.8,85.5,87.0,86.7,84.7,85.5,84.9,86.6,86.5,84.9
,,,,,,,,,,
Overweight (clinical),8.8,9.4,8.3,8.5,9.5,9.8,9.7,8.2,7.3,9.0
                   Lower limit of 95% confidence interval,8.5,9.0,8.3,7.9,9.2,9.4,9.5,7.8,6.9,8.7
                   Upper limit of 95% confidence interval,9.2,9.9,8.3,9.1,9.8,10.2,10.0,8.6,7.7,9.3
,,,,,,,,,,
Obese (clinical),3.1,2.9,2.8,3.5,3.9,2.9,3.7,3.3,3.5,3.8
                   Lower limit of 95% confidence interval,2.9,2.6,2.8,3.1,3.7,2.7,3.5,3.1,3.2,3.6
                   Upper limit of 95% confidence interval,3.3,3.1,2.8,3.9,4.1,3.2,3.8,3.6,3.8,4.0
,,,,,,,,,,
Severely obese (clinical),2.0,2.6,1.6,1.8,2.1,2.1,1.8,2.3,3.2,2.5
                   Lower limit of 95% confidence interval,1.8,2.3,1.6,1.5,1.9,1.9,1.7,2.1,2.9,2.4
                   Upper limit of 95% confidence interval,2.2,2.8,1.6,2.0,2.2,2.4,2.0,2.5,3.5,2.7
,,,,,,,,,,
,,,,,,,,,,
"Overweight, Obese and severely obese combined (clinical) ",13.9,14.9,12.6,13.8,15.5,14.9,15.3,13.8,13.9,15.3
                   Lower limit of 95% confidence interval,13.5,14.3,12.6,13.1,15.1,14.4,15.0,13.4,13.4,14.9
                   Upper limit of 95% confidence interval,14.3,15.4,12.6,14.5,15.8,15.4,15.6,14.3,14.5,15.7
,,,,,,,,,,
Obese and severely obese combined (clinical) ,5.1,5.4,4.4,5.3,6.0,5.1,5.5,5.6,6.7,6.4
                   Lower limit of 95% confidence interval,4.8,5.1,4.4,4.8,5.7,4.8,5.4,5.3,6.3,6.1
                   Upper limit of 95% confidence interval,5.3,5.8,4.4,5.7,6.2,5.4,5.7,5.9,7.1,6.6
,,,,,,,,,,
East Renfrewshire,,,,,,,,,,
Number of children measured,x,x,x,"1,043",x,934,"1,081","1,026","1,098","1,175"
,,,,,,,,,,
Underweight (clinical),x,x,x,0.5,x,0.3,0.1,0.6,0.1,0.3
                   Lower limit of 95% confidence interval,x,x,x,0.4,x,0.2,0.1,0.4,0.1,0.2
                   Upper limit of 95% confidence interval,x,x,x,0.6,x,0.4,0.1,0.7,0.1,0.3
,,,,,,,,,,
Healthy weight (clinical),x,x,x,86.5,x,86.0,87.9,89.4,89.7,89.5
                   Lower limit of 95% confidence interval,x,x,x,86.0,x,85.2,87.6,88.8,89.4,89.2
                   Upper limit of 95% confidence interval,x,x,x,87.0,x,86.7,88.2,89.9,90.0,89.8
,,,,,,,,,,
Overweight (clinical),x,x,x,8.3,x,8.7,8.8,7.6,7.1,7.1
                   Lower limit of 95% confidence interval,x,x,x,7.9,x,8.1,8.6,7.1,6.9,6.8
                   Upper limit of 95% confidence interval,x,x,x,8.7,x,9.3,9.0,8.1,7.3,7.3
,,,,,,,,,,
Obese (clinical),x,x,x,2.8,x,3.4,2.3,1.8,2.0,1.8
                   Lower limit of 95% confidence interval,x,x,x,2.5,x,3.0,2.2,1.5,1.9,1.7
                   Upper limit of 95% confidence interval,x,x,x,3.0,x,3.8,2.4,2.0,2.1,1.9
,,,,,,,,,,
Severely obese (clinical),x,x,x,1.9,x,1.6,0.9,0.7,1.1,1.4
                   Lower limit of 95% confidence interval,x,x,x,1.7,x,1.3,0.8,0.5,1.0,1.2
                   Upper limit of 95% confidence interval,x,x,x,2.1,x,1.9,1.0,0.8,1.2,1.5
,,,,,,,,,,
,,,,,,,,,,
"Overweight, Obese and severely obese combined (clinical) ",x,x,x,13.0,x,13.7,12.0,10.0,10.2,10.2
                   Lower limit of 95% confidence interval,x,x,x,12.6,x,13.0,11.8,9.5,9.9,9.9
                   Upper limit of 95% confidence interval,x,x,x,13.5,x,14.5,12.3,10.6,10.5,10.5
,,,,,,,,,,
Obese and severely obese combined (clinical) ,x,x,x,4.7,x,5.0,3.2,2.4,3.1,3.1
                   Lower limit of 95% confidence interval,x,x,x,4.4,x,4.6,3.1,2.2,2.9,3.0
                   Upper limit of 95% confidence interval,x,x,x,5.0,x,5.5,3.4,2.7,3.3,3.3
,,,,,,,,,,
"Edinburgh, City of ",,,,,,,,,,
Number of children measured,"3,290","3,238","3,431","3,509","3,778","3,925","4,213","4,423","4,451","4,408"
,,,,,,,,,,
Underweight (clinical),0.4,0.5,0.3,0.6,0.8,0.2,0.2,0.1,0.4,0.4
                   Lower limit of 95% confidence interval,0.3,0.4,0.2,0.5,0.7,0.2,0.1,0.1,0.4,0.3
                   Upper limit of 95% confidence interval,0.4,0.6,0.4,0.7,0.9,0.3,0.2,0.2,0.5,0.4
,,,,,,,,,,
Healthy weight (clinical),82.8,83.4,83.5,83.1,85.2,85.2,86.4,84.2,85.1,86.4
                   Lower limit of 95% confidence interval,82.3,82.8,83.0,82.6,84.8,84.8,86.1,83.8,84.7,86.1
                   Upper limit of 95% confidence interval,83.3,84.0,84.0,83.6,85.5,85.6,86.7,84.6,85.6,86.8
,,,,,,,,,,
Overweight (clinical),10.4,9.2,9.9,10.2,8.2,8.4,8.3,8.9,8.3,7.7
                   Lower limit of 95% confidence interval,10.0,8.8,9.5,9.8,7.9,8.1,8.0,8.6,8.0,7.5
                   Upper limit of 95% confidence interval,10.8,9.7,10.2,10.6,8.4,8.7,8.5,9.2,8.7,8.0
,,,,,,,,,,
Obese (clinical),4.2,3.6,3.7,4.0,3.3,3.3,2.9,4.3,3.5,3.2
                   Lower limit of 95% confidence interval,3.9,3.4,3.5,3.8,3.2,3.1,2.7,4.0,3.3,3.0
                   Upper limit of 95% confidence interval,4.5,3.9,4.0,4.3,3.5,3.5,3.0,4.5,3.8,3.4
,,,,,,,,,,
Severely obese (clinical),2.2,3.2,2.7,2.1,2.5,2.9,2.2,2.5,2.5,2.3
                   Lower limit of 95% confidence interval,2.0,2.9,2.4,1.9,2.4,2.7,2.1,2.3,2.3,2.2
                   Upper limit of 95% confidence interval,2.4,3.5,2.9,2.2,2.7,3.1,2.4,2.6,2.7,2.5
,,,,,,,,,,
,,,,,,,,,,
"Overweight, Obese and severely obese combined (clinical) ",16.8,16.1,16.2,16.3,14.0,14.6,13.4,15.6,14.4,13.2
                   Lower limit of 95% confidence interval,16.3,15.5,15.8,15.8,13.6,14.2,13.1,15.2,14.0,12.9
                   Upper limit of 95% confidence interval,17.4,16.6,16.7,16.8,14.4,15.0,13.7,16.0,14.8,13.6
,,,,,,,,,,
Obese and severely obese combined (clinical) ,6.4,6.9,6.4,6.1,5.8,6.2,5.1,6.7,6.1,5.5
                   Lower limit of 95% confidence interval,6.1,6.5,6.1,5.8,5.6,6.0,4.9,6.4,5.8,5.3
                   Upper limit of 95% confidence interval,6.8,7.3,6.7,6.4,6.1,6.5,5.3,7.0,6.3,5.7
,,,,,,,,,,
Falkirk,,,,,,,,,,
Number of children measured,"1,444","1,487","1,561","1,632","1,748","1,728","1,870","1,862","1,873","1,744"
,,,,,,,,,,
Underweight (clinical),0.3,0.7,0.4,0.3,0.1,0.3,0.3,0.3,0.2,0.3
                   Lower limit of 95% confidence interval,0.2,0.6,0.3,0.3,0.1,0.3,0.3,0.3,0.1,0.2
                   Upper limit of 95% confidence interval,0.4,0.8,0.5,0.4,0.1,0.4,0.3,0.3,0.2,0.4
,,,,,,,,,,
Healthy weight (clinical),84.8,87.0,86.0,83.9,85.5,85.1,85.2,83.5,86.4,84.9
                   Lower limit of 95% confidence interval,84.2,86.6,85.6,83.6,85.2,84.8,85.2,83.4,86.1,84.4
                   Upper limit of 95% confidence interval,85.5,87.4,86.4,84.2,85.7,85.3,85.2,83.6,86.7,85.4
,,,,,,,,,,
Overweight (clinical),9.5,7.3,7.6,10.0,9.3,8.6,9.3,9.2,8.2,8.8
                   Lower limit of 95% confidence interval,8.9,6.9,7.2,9.7,9.1,8.4,9.3,9.1,8.0,8.4
                   Upper limit of 95% confidence interval,10.0,7.6,7.9,10.2,9.5,8.8,9.3,9.3,8.4,9.2
,,,,,,,,,,
Obese (clinical),3.2,3.0,3.7,3.6,3.1,3.2,3.0,3.4,3.3,3.6
                   Lower limit of 95% confidence interval,2.9,2.8,3.4,3.4,3.0,3.1,3.0,3.3,3.2,3.3
                   Upper limit of 95% confidence interval,3.5,3.2,3.9,3.7,3.2,3.3,3.0,3.4,3.4,3.8
,,,,,,,,,,
Severely obese (clinical),2.2,2.0,2.4,2.3,2.0,2.8,2.2,3.6,1.9,2.5
                   Lower limit of 95% confidence interval,1.9,1.8,2.2,2.1,1.9,2.7,2.2,3.5,1.8,2.3
                   Upper limit of 95% confidence interval,2.5,2.2,2.6,2.4,2.1,2.9,2.2,3.7,2.0,2.7
,,,,,,,,,,
,,,,,,,,,,
"Overweight, Obese and severely obese combined (clinical) ",14.9,12.3,13.6,15.8,14.4,14.6,14.5,16.2,13.5,14.8
                   Lower limit of 95% confidence interval,14.2,11.9,13.2,15.5,14.2,14.3,14.5,16.1,13.2,14.3
                   Upper limit of 95% confidence interval,15.5,12.7,14.0,16.1,14.7,14.8,14.5,16.3,13.7,15.3
,,,,,,,,,,
Obese and severely obese combined (clinical) ,5.4,5.0,6.0,5.8,5.1,6.0,5.3,7.0,5.2,6.0
                   Lower limit of 95% confidence interval,5.0,4.8,5.7,5.6,4.9,5.8,5.3,6.9,5.1,5.7
                   Upper limit of 95% confidence interval,5.8,5.3,6.3,6.0,5.3,6.1,5.3,7.1,5.4,6.3
,,,,,,,,,,
Fife,,,,,,,,,,
Number of children measured,3287,3558,3143,3706,3722,3953,3997,4047,4052,4022
,,,,,,,,,,
Underweight (clinical),0.2,0.1,0.2,0.4,0.3,0.3,0.1,0.5,0.3,0.2
                   Lower limit of 95% confidence interval,0.1,0.1,0.1,0.3,0.3,0.3,0.1,0.5,0.3,0.1
                   Upper limit of 95% confidence interval,0.2,0.1,0.2,0.4,0.4,0.3,0.1,0.6,0.3,0.2
,,,,,,,,,,
Healthy weight (clinical),82.4,83.8,85.0,83.6,83.6,85.1,85.6,83.2,83.3,84.8
                   Lower limit of 95% confidence interval,81.9,83.7,84.4,83.3,83.3,85.0,85.6,82.9,83.1,84.5
                   Upper limit of 95% confidence interval,82.9,84.0,85.5,83.8,83.9,85.3,85.6,83.4,83.6,85.0
,,,,,,,,,,
Overweight (clinical),9.7,9.7,9.4,9.6,9.7,8.6,8.9,9.7,9.7,8.7
                   Lower limit of 95% confidence interval,9.3,9.6,9.0,9.4,9.5,8.5,8.9,9.5,9.5,8.5
                   Upper limit of 95% confidence interval,10.1,9.8,9.8,9.8,9.9,8.7,8.9,9.9,9.9,8.9
,,,,,,,,,,
Obese (clinical),4.5,3.6,3.2,3.4,3.5,3.7,3.2,4.2,4.1,3.3
                   Lower limit of 95% confidence interval,4.2,3.6,3.0,3.3,3.4,3.6,3.2,4.0,4.0,3.2
                   Upper limit of 95% confidence interval,4.8,3.7,3.5,3.5,3.6,3.8,3.2,4.3,4.3,3.4
,,,,,,,,,,
Severely obese (clinical),3.2,2.8,2.3,3.0,2.8,2.3,2.2,2.4,2.6,3.1
                   Lower limit of 95% confidence interval,3.0,2.7,2.1,2.9,2.7,2.2,2.2,2.3,2.5,3.0
                   Upper limit of 95% confidence interval,3.5,2.8,2.5,3.1,3.0,2.3,2.2,2.5,2.7,3.2
,,,,,,,,,,
,,,,,,,,,,
"Overweight, Obese and severely obese combined (clinical) ",17.4,16.1,14.9,16.1,16.0,14.6,14.3,16.3,16.4,15.1
                   Lower limit of 95% confidence interval,16.9,15.9,14.4,15.8,15.8,14.5,14.3,16.1,16.1,14.8
                   Upper limit of 95% confidence interval,17.9,16.2,15.4,16.3,16.3,14.7,14.3,16.6,16.6,15.3
,,,,,,,,,,
Obese and severely obese combined (clinical) ,7.7,6.4,5.5,6.4,6.3,6.0,5.4,6.6,6.7,6.4
                   Lower limit of 95% confidence interval,7.4,6.3,5.2,6.3,6.2,5.9,5.4,6.4,6.5,6.2
                   Upper limit of 95% confidence interval,8.1,6.5,5.8,6.6,6.5,6.1,5.4,6.8,6.9,6.5
,,,,,,,,,,
Glasgow City,,,,,,,,,,
Number of children measured,x,x,x,3052,60,5522,5828,5821,5973,5728
,,,,,,,,,,
Underweight (clinical),x,x,x,0.4,1.7,0.3,0.3,0.3,0.5,0.4
                   Lower limit of 95% confidence interval,x,x,x,0.2,0.0,0.3,0.3,0.3,0.5,0.3
                   Upper limit of 95% confidence interval,x,x,x,0.5,4.9,0.4,0.3,0.3,0.6,0.4
,,,,,,,,,,
Healthy weight (clinical),x,x,x,84.6,85.0,84.3,84.5,85.1,85.8,84.3
                   Lower limit of 95% confidence interval,x,x,x,83.7,76.0,84.1,84.4,84.9,85.6,84.1
                   Upper limit of 95% confidence interval,x,x,x,85.5,94.0,84.4,84.7,85.4,86.0,84.6
,,,,,,,,,,
Overweight (clinical),x,x,x,8.6,10.0,8.6,8.7,7.7,7.7,7.9
                   Lower limit of 95% confidence interval,x,x,x,7.9,2.4,8.5,8.6,7.6,7.5,7.7
                   Upper limit of 95% confidence interval,x,x,x,9.3,17.6,8.8,8.8,7.9,7.8,8.1
,,,,,,,,,,
Obese (clinical),x,x,x,3.8,1.7,3.8,3.4,4.1,3.2,4.0
                   Lower limit of 95% confidence interval,x,x,x,3.4,0.0,3.7,3.3,3.9,3.1,3.9
                   Upper limit of 95% confidence interval,x,x,x,4.3,4.9,3.9,3.5,4.2,3.3,4.1
,,,,,,,,,,
Severely obese (clinical),x,x,x,2.6,1.7,3.0,3.1,2.8,2.8,3.4
                   Lower limit of 95% confidence interval,x,x,x,2.2,0.0,2.9,3.0,2.7,2.7,3.3
                   Upper limit of 95% confidence interval,x,x,x,2.9,4.9,3.1,3.1,2.9,2.9,3.5
,,,,,,,,,,
,,,,,,,,,,
"Overweight, Obese and severely obese combined (clinical) ",x,x,x,15.0,13.3,15.4,15.2,14.6,13.6,15.3
                   Lower limit of 95% confidence interval,x,x,x,14.1,4.8,15.2,15.1,14.3,13.4,15.0
                   Upper limit of 95% confidence interval,x,x,x,15.9,21.9,15.6,15.3,14.8,13.8,15.6
,,,,,,,,,,
Obese and severely obese combined (clinical) ,x,x,x,6.4,3.3,6.8,6.5,6.8,5.9,7.4
                   Lower limit of 95% confidence interval,x,x,x,5.8,0.0,6.7,6.4,6.7,5.8,7.2
                   Upper limit of 95% confidence interval,x,x,x,7.0,7.9,6.9,6.6,7.0,6.1,7.6
,,,,,,,,,,
Highland,,,,,,,,,,
Number of children measured,x,x,2105,2240,2170,2276,2369,2385,2289,2307
,,,,,,,,,,
Underweight (clinical),x,x,0.4,0.2,0.3,0.2,0.3,0.3,0.4,0.4
                   Lower limit of 95% confidence interval,x,x,0.3,0.1,0.2,0.2,0.2,0.2,0.3,0.3
                   Upper limit of 95% confidence interval,x,x,0.5,0.2,0.4,0.3,0.3,0.3,0.5,0.4
,,,,,,,,,,
Healthy weight (clinical),x,x,83.4,82.8,82.9,84.0,84.5,83.4,83.6,83.9
                   Lower limit of 95% confidence interval,x,x,82.9,82.3,82.3,83.6,84.1,82.9,83.0,83.6
                   Upper limit of 95% confidence interval,x,x,84.0,83.2,83.5,84.5,84.8,83.8,84.1,84.3
,,,,,,,,,,
Overweight (clinical),x,x,9.6,10.4,10.1,9.5,9.1,9.0,9.8,9.2
                   Lower limit of 95% confidence interval,x,x,9.2,10.0,9.7,9.2,8.8,8.6,9.4,8.9
                   Upper limit of 95% confidence interval,x,x,10.0,10.8,10.6,9.9,9.4,9.3,10.3,9.5
,,,,,,,,,,
Obese (clinical),x,x,4.3,4.3,4.1,4.0,4.3,3.9,4.2,4.2
                   Lower limit of 95% confidence interval,x,x,4.0,4.1,3.8,3.8,4.1,3.6,3.9,4.0
                   Upper limit of 95% confidence interval,x,x,4.6,4.5,4.4,4.2,4.5,4.1,4.4,4.4
,,,,,,,,,,
Severely obese (clinical),x,x,2.3,2.4,2.6,2.2,1.9,3.6,2.0,2.3
                   Lower limit of 95% confidence interval,x,x,2.1,2.2,2.3,2.1,1.7,3.3,1.8,2.2
                   Upper limit of 95% confidence interval,x,x,2.5,2.5,2.8,2.4,2.0,3.8,2.2,2.4
,,,,,,,,,,
,,,,,,,,,,
"Overweight, Obese and severely obese combined (clinical) ",x,x,16.2,17.1,16.8,15.8,15.3,16.4,16.0,15.7
                   Lower limit of 95% confidence interval,x,x,15.7,16.6,16.3,15.3,14.9,15.9,15.4,15.3
                   Upper limit of 95% confidence interval,x,x,16.7,17.5,17.4,16.2,15.7,16.9,16.5,16.0
,,,,,,,,,,
Obese and severely obese combined (clinical) ,x,x,6.6,6.7,6.7,6.2,6.2,7.4,6.2,6.5
                   Lower limit of 95% confidence interval,x,x,6.2,6.4,6.3,5.9,5.9,7.1,5.8,6.3
                   Upper limit of 95% confidence interval,x,x,7.0,6.9,7.1,6.5,6.4,7.7,6.5,6.7
,,,,,,,,,,
Inverclyde,,,,,,,,,,
Number of children measured,x,x,x,x,x,824,847,779,796,749
,,,,,,,,,,
Underweight (clinical),x,x,x,x,x,0.1,0.6,0.0,0.4,0.0
                   Lower limit of 95% confidence interval,x,x,x,x,x,0.1,0.6,0.0,0.3,0.0
                   Upper limit of 95% confidence interval,x,x,x,x,x,0.1,0.6,0.0,0.4,0.0
,,,,,,,,,,
Healthy weight (clinical),x,x,x,x,x,83.1,83.7,81.3,82.8,84.0
                   Lower limit of 95% confidence interval,x,x,x,x,x,83.1,83.7,80.3,82.5,83.0
                   Upper limit of 95% confidence interval,x,x,x,x,x,83.1,83.7,82.2,83.1,84.9
,,,,,,,,,,
Overweight (clinical),x,x,x,x,x,9.5,10.0,11.3,8.8,8.5
                   Lower limit of 95% confidence interval,x,x,x,x,x,9.5,10.0,10.5,8.6,7.8
                   Upper limit of 95% confidence interval,x,x,x,x,x,9.5,10.0,12.0,9.0,9.3
,,,,,,,,,,
Obese (clinical),x,x,x,x,x,4.1,3.5,4.5,4.9,4.9
                   Lower limit of 95% confidence interval,x,x,x,x,x,4.1,3.5,4.0,4.7,4.4
                   Upper limit of 95% confidence interval,x,x,x,x,x,4.1,3.5,5.0,5.0,5.5
,,,,,,,,,,
Severely obese (clinical),x,x,x,x,x,3.2,2.1,3.0,3.1,2.5
                   Lower limit of 95% confidence interval,x,x,x,x,x,3.2,2.1,2.6,3.0,2.1
                   Upper limit of 95% confidence interval,x,x,x,x,x,3.2,2.1,3.4,3.3,2.9
,,,,,,,,,,
,,,,,,,,,,
"Overweight, Obese and severely obese combined (clinical) ",x,x,x,x,x,16.7,15.7,18.7,16.8,16.0
                   Lower limit of 95% confidence interval,x,x,x,x,x,16.7,15.7,17.8,16.6,15.1
                   Upper limit of 95% confidence interval,x,x,x,x,x,16.7,15.7,19.7,17.1,17.0
,,,,,,,,,,
Obese and severely obese combined (clinical) ,x,x,x,x,x,7.3,5.7,7.4,8.0,7.5
                   Lower limit of 95% confidence interval,x,x,x,x,x,7.3,5.7,6.8,7.9,6.8
                   Upper limit of 95% confidence interval,x,x,x,x,x,7.3,5.7,8.1,8.2,8.1
,,,,,,,,,,
Midlothian,,,,,,,,,,
Number of children measured,849,829,849,867,898,942,989,966,"1,015","1,099"
,,,,,,,,,,
Underweight (clinical),0.2,0.2,0.1,0.3,-,0.1,0.3,0.1,0.1,0.4
                   Lower limit of 95% confidence interval,0.1,0.2,0.1,0.2,-,0.1,0.3,0.1,0.1,0.4
                   Upper limit of 95% confidence interval,0.3,0.3,0.2,0.4,-,0.2,0.3,0.2,0.1,0.4
,,,,,,,,,,
Healthy weight (clinical),81.4,81.8,82.6,82.1,79.6,85.9,83.8,83.7,84.3,84.3
                   Lower limit of 95% confidence interval,80.6,81.4,82.1,81.5,79.1,85.3,83.8,83.2,83.8,84.3
                   Upper limit of 95% confidence interval,82.2,82.2,83.0,82.8,80.2,86.4,83.8,84.3,84.8,84.3
,,,,,,,,,,
Overweight (clinical),11.1,11.1,11.0,10.8,12.0,8.5,10.1,10.1,9.4,8.9
                   Lower limit of 95% confidence interval,10.4,10.8,10.6,10.3,11.6,8.1,10.1,9.7,9.0,8.9
                   Upper limit of 95% confidence interval,11.7,11.4,11.3,11.4,12.5,8.9,10.1,10.6,9.8,8.9
,,,,,,,,,,
Obese (clinical),4.8,4.8,4.4,4.2,5.3,3.4,3.6,4.0,3.2,4.4
                   Lower limit of 95% confidence interval,4.4,4.6,4.1,3.8,5.0,3.1,3.6,3.7,2.9,4.4
                   Upper limit of 95% confidence interval,5.3,5.1,4.6,4.5,5.7,3.7,3.6,4.4,3.4,4.4
,,,,,,,,,,
Severely obese (clinical),2.5,2.1,2.0,2.5,3.0,2.1,2.1,2.0,3.1,2.0
                   Lower limit of 95% confidence interval,2.1,1.9,1.8,2.3,2.8,1.9,2.1,1.7,2.8,2.0
                   Upper limit of 95% confidence interval,2.8,2.2,2.2,2.8,3.2,2.4,2.1,2.2,3.3,2.0
,,,,,,,,,,
,,,,,,,,,,
"Overweight, Obese and severely obese combined (clinical) ",18.4,18.0,17.3,17.5,20.4,14.0,15.9,16.1,15.6,15.3
                   Lower limit of 95% confidence interval,17.6,17.6,16.9,16.9,19.8,13.5,15.9,15.6,15.1,15.3
                   Upper limit of 95% confidence interval,19.2,18.4,17.8,18.2,20.9,14.6,15.9,16.7,16.1,15.3
,,,,,,,,,,
Obese and severely obese combined (clinical) ,7.3,6.9,6.4,6.7,8.4,5.5,5.8,6.0,6.2,6.4
                   Lower limit of 95% confidence interval,6.8,6.6,6.1,6.3,8.0,5.2,5.8,5.6,5.9,6.4
                   Upper limit of 95% confidence interval,7.8,7.1,6.6,7.1,8.7,5.9,5.8,6.4,6.5,6.4
,,,,,,,,,,
Moray,,,,,,,,,,
Number of children measured,x,x,x,839,863,753,945,941,914,905
,,,,,,,,,,
Underweight (clinical),x,x,x,0.2,0.3,-,0.4,0.3,0.5,0.2
                   Lower limit of 95% confidence interval,x,x,x,0.1,0.2,-,0.3,0.2,0.4,0.1
                   Upper limit of 95% confidence interval,x,x,x,0.3,0.5,-,0.5,0.5,0.7,0.3
,,,,,,,,,,
Healthy weight (clinical),x,x,x,84.6,82.7,82.3,83.9,84.3,83.0,84.4
                   Lower limit of 95% confidence interval,x,x,x,83.8,81.9,81.0,83.2,83.3,82.1,83.6
                   Upper limit of 95% confidence interval,x,x,x,85.4,83.6,83.6,84.6,85.3,84.0,85.3
,,,,,,,,,,
Overweight (clinical),x,x,x,9.1,10.9,10.9,9.7,9.1,10.1,8.6
                   Lower limit of 95% confidence interval,x,x,x,8.4,10.2,9.8,9.2,8.4,9.3,8.0
                   Upper limit of 95% confidence interval,x,x,x,9.7,11.6,11.9,10.3,9.9,10.8,9.3
,,,,,,,,,,
Obese (clinical),x,x,x,3.2,3.7,3.9,3.4,4.1,4.8,4.5
                   Lower limit of 95% confidence interval,x,x,x,2.8,3.3,3.2,3.1,3.6,4.3,4.0
                   Upper limit of 95% confidence interval,x,x,x,3.6,4.1,4.5,3.7,4.7,5.4,5.0
,,,,,,,,,,
Severely obese (clinical),x,x,x,2.9,2.3,2.9,2.5,2.1,1.5,2.2
                   Lower limit of 95% confidence interval,x,x,x,2.5,2.0,2.3,2.2,1.7,1.2,1.9
                   Upper limit of 95% confidence interval,x,x,x,3.2,2.7,3.5,2.8,2.5,1.8,2.6
,,,,,,,,,,
,,,,,,,,,,
"Overweight, Obese and severely obese combined (clinical) ",x,x,x,15.1,16.9,17.7,15.7,15.4,16.4,15.4
                   Lower limit of 95% confidence interval,x,x,x,14.4,16.1,16.4,15.0,14.4,15.5,14.5
                   Upper limit of 95% confidence interval,x,x,x,15.9,17.8,19.0,16.3,16.4,17.4,16.2
,,,,,,,,,,
Obese and severely obese combined (clinical) ,x,x,x,6.1,6.0,6.8,5.9,6.3,6.3,6.7
                   Lower limit of 95% confidence interval,x,x,x,5.6,5.5,5.9,5.5,5.6,5.7,6.1
                   Upper limit of 95% confidence interval,x,x,x,6.6,6.6,7.6,6.4,6.9,7.0,7.3
,,,,,,,,,,
Na h-Eileanan Siar ,,,,,,,,,,
Number of children measured,290,238,250,211,255,283,256,269,213,264
,,,,,,,,,,
Underweight (clinical),0.7,1.3,0.8,1.9,0.8,-,1.2,0.4,-,-
                   Lower limit of 95% confidence interval,0.7,0.8,0.4,0.9,0.6,-,0.7,0.2,-,-
                   Upper limit of 95% confidence interval,0.7,1.7,1.2,2.9,1.0,-,1.7,0.5,-,-
,,,,,,,,,,
Healthy weight (clinical),85.9,80.3,83.6,80.6,78.0,83.0,81.3,81.8,82.2,89.8
                   Lower limit of 95% confidence interval,85.9,78.8,82.1,77.7,77.2,82.1,79.4,80.7,79.8,89.8
                   Upper limit of 95% confidence interval,85.9,81.7,85.1,83.4,78.9,84.0,83.1,82.8,84.5,89.8
,,,,,,,,,,
Overweight (clinical),6.9,10.1,8.4,9.5,13.7,9.5,11.3,9.3,9.4,2.3
                   Lower limit of 95% confidence interval,6.9,9.0,7.2,7.3,13.0,8.8,9.9,8.5,7.6,2.3
                   Upper limit of 95% confidence interval,6.9,11.2,9.6,11.6,14.5,10.3,12.8,10.1,11.2,2.3
,,,,,,,,,,
Obese (clinical),3.4,5.5,3.2,4.3,3.1,5.3,3.5,4.5,5.2,5.7
                   Lower limit of 95% confidence interval,3.4,4.6,2.5,2.8,2.8,4.7,2.7,3.9,3.8,5.7
                   Upper limit of 95% confidence interval,3.4,6.3,3.9,5.7,3.5,5.9,4.4,5.0,6.5,5.7
,,,,,,,,,,
Severely obese (clinical),3.1,2.9,4.0,3.8,4.3,2.1,2.7,4.1,3.3,2.3
                   Lower limit of 95% confidence interval,3.1,2.3,3.2,2.4,3.9,1.7,2.0,3.5,2.2,2.3
                   Upper limit of 95% confidence interval,3.1,3.6,4.8,5.2,4.7,2.5,3.5,4.6,4.4,2.3
,,,,,,,,,,
,,,,,,,,,,
"Overweight, Obese and severely obese combined (clinical) ",13.4,18.5,15.6,17.5,21.2,17.0,17.6,17.8,17.8,10.2
                   Lower limit of 95% confidence interval,13.4,17.0,14.1,14.8,20.3,16.0,15.8,16.8,15.5,10.2
                   Upper limit of 95% confidence interval,13.4,19.9,17.1,20.3,22.1,17.9,19.3,18.9,20.2,10.2
,,,,,,,,,,
Obese and severely obese combined (clinical) ,6.6,8.4,7.2,8.1,7.5,7.4,6.3,8.6,8.5,8.0
                   Lower limit of 95% confidence interval,6.6,7.4,6.1,6.1,6.9,6.7,5.1,7.8,6.7,8.0
                   Upper limit of 95% confidence interval,6.6,9.4,8.3,10.0,8.0,8.1,7.4,9.3,10.2,8.0
,,,,,,,,,,
North Ayrshire,,,,,,,,,,
Number of children measured,x,"1,242","1,255","1,222","1,382","1,416","1,449","1,395","1,397","1,419"
,,,,,,,,,,
Underweight (clinical),x,0.5,0.8,0.3,0.1,0.2,0.1,0.2,0.4,0.6
                   Lower limit of 95% confidence interval,x,0.3,0.6,0.2,0.0,0.2,0.0,0.2,0.3,0.5
                   Upper limit of 95% confidence interval,x,0.6,1.0,0.4,0.1,0.3,0.1,0.3,0.5,0.6
,,,,,,,,,,
Healthy weight (clinical),x,83.7,86.1,79.3,78.4,77.2,78.5,76.7,81.5,81.5
                   Lower limit of 95% confidence interval,x,82.9,85.3,78.5,77.9,76.7,78.0,76.2,80.9,81.5
                   Upper limit of 95% confidence interval,x,84.4,86.8,80.1,78.9,77.6,78.9,77.2,82.2,81.6
,,,,,,,,,,
Overweight (clinical),x,8.8,7.8,12.3,11.9,13.9,12.0,14.5,10.1,10.4
                   Lower limit of 95% confidence interval,x,8.2,7.3,11.6,11.5,13.5,11.6,14.1,9.6,10.3
                   Upper limit of 95% confidence interval,x,9.4,8.4,12.9,12.3,14.3,12.4,14.9,10.6,10.4
,,,,,,,,,,
Obese (clinical),x,4.1,2.9,4.7,5.2,5.1,6.6,5.2,4.6,3.6
                   Lower limit of 95% confidence interval,x,3.7,2.5,4.3,4.9,4.9,6.3,5.0,4.2,3.6
                   Upper limit of 95% confidence interval,x,4.5,3.2,5.2,5.5,5.3,6.8,5.5,4.9,3.6
,,,,,,,,,,
Severely obese (clinical),x,3.0,2.5,3.4,4.3,3.6,2.9,3.4,3.4,3.9
                   Lower limit of 95% confidence interval,x,2.6,2.2,3.0,4.1,3.4,2.7,3.1,3.1,3.9
                   Upper limit of 95% confidence interval,x,3.3,2.8,3.7,4.6,3.8,3.1,3.6,3.7,4.0
,,,,,,,,,,
,,,,,,,,,,
"Overweight, Obese and severely obese combined (clinical) ",x,15.9,13.1,20.4,21.5,22.6,21.5,23.1,18.0,17.9
                   Lower limit of 95% confidence interval,x,15.1,12.5,19.5,21.0,22.2,21.0,22.6,17.4,17.8
                   Upper limit of 95% confidence interval,x,16.6,13.8,21.2,22.0,23.0,21.9,23.6,18.7,18.0
,,,,,,,,,,
Obese and severely obese combined (clinical) ,x,7.1,5.3,8.1,9.6,8.7,9.5,8.6,7.9,7.5
                   Lower limit of 95% confidence interval,x,6.5,4.9,7.5,9.2,8.4,9.1,8.3,7.5,7.5
                   Upper limit of 95% confidence interval,x,7.6,5.8,8.7,9.9,9.0,9.8,8.9,8.4,7.6
,,,,,,,,,,
North Lanarkshire,,,,,,,,,,
Number of children measured,"3,127","3,190","3,242","3,448","3,165","3,705","3,714","3,808","3,766","3,562"
,,,,,,,,,,
Underweight (clinical),0.9,0.9,1.6,0.7,0.9,1.5,1.3,0.9,0.8,0.8
                   Lower limit of 95% confidence interval,0.7,0.8,1.5,0.6,0.7,1.4,1.2,0.9,0.7,0.7
                   Upper limit of 95% confidence interval,1.0,1.1,1.8,0.8,1.0,1.6,1.5,1.0,0.9,0.9
,,,,,,,,,,
Healthy weight (clinical),84.6,85.2,86.3,85.9,85.0,84.0,83.1,84.6,85.5,84.1
                   Lower limit of 95% confidence interval,84.0,84.7,85.8,85.5,84.4,83.7,82.7,84.2,85.1,83.7
                   Upper limit of 95% confidence interval,85.1,85.7,86.7,86.4,85.6,84.3,83.4,84.9,85.9,84.5
,,,,,,,,,,
Overweight (clinical),8.2,8.2,6.7,7.9,8.2,8.4,9.4,8.4,7.5,8.5
                   Lower limit of 95% confidence interval,7.8,7.8,6.4,7.6,7.8,8.2,9.1,8.1,7.2,8.2
                   Upper limit of 95% confidence interval,8.6,8.6,7.1,8.2,8.7,8.6,9.7,8.6,7.8,8.8
,,,,,,,,,,
Obese (clinical),3.8,3.5,3.4,3.1,3.0,3.5,3.8,3.3,3.9,3.7
                   Lower limit of 95% confidence interval,3.6,3.2,3.1,2.9,2.8,3.3,3.6,3.1,3.7,3.5
                   Upper limit of 95% confidence interval,4.1,3.7,3.6,3.3,3.3,3.6,4.0,3.5,4.0,3.9
,,,,,,,,,,
Severely obese (clinical),2.6,2.2,2.0,2.3,2.8,2.7,2.4,2.8,2.3,2.8
                   Lower limit of 95% confidence interval,2.3,2.0,1.8,2.1,2.5,2.5,2.3,2.7,2.2,2.6
                   Upper limit of 95% confidence interval,2.8,2.4,2.2,2.5,3.1,2.8,2.6,3.0,2.5,3.0
,,,,,,,,,,
,,,,,,,,,,
"Overweight, Obese and severely obese combined (clinical) ",14.6,13.9,12.1,13.3,14.1,14.5,15.6,14.5,13.7,15.0
                   Lower limit of 95% confidence interval,14.1,13.4,11.7,12.9,13.5,14.3,15.2,14.2,13.4,14.6
                   Upper limit of 95% confidence interval,15.1,14.4,12.5,13.8,14.7,14.8,15.9,14.8,14.1,15.4
,,,,,,,,,,
Obese and severely obese combined (clinical) ,6.4,5.7,5.4,5.4,5.8,6.2,6.2,6.1,6.2,6.5
                   Lower limit of 95% confidence interval,6.0,5.4,5.1,5.1,5.5,6.0,6.0,5.9,5.9,6.2
                   Upper limit of 95% confidence interval,6.7,6.0,5.7,5.7,6.2,6.4,6.4,6.3,6.4,6.8
,,,,,,,,,,
Orkney,,,,,,,,,,
Number of children measured,x,x,x,x,198,233,211,216,213,168
,,,,,,,,,,
Underweight (clinical),x,x,x,x,-,-,0.5,0.5,-,-
                   Lower limit of 95% confidence interval,x,x,x,x,-,-,0.2,0.2,-,-
                   Upper limit of 95% confidence interval,x,x,x,x,-,-,0.8,0.7,-,-
,,,,,,,,,,
Healthy weight (clinical),x,x,x,x,80.3,78.5,81.5,76.9,85.0,82.1
                   Lower limit of 95% confidence interval,x,x,x,x,78.7,78.5,79.9,75.5,83.4,79.2
                   Upper limit of 95% confidence interval,x,x,x,x,81.9,78.5,83.1,78.2,86.5,85.0
,,,,,,,,,,
Overweight (clinical),x,x,x,x,13.1,15.0,7.1,11.1,10.8,8.9
                   Lower limit of 95% confidence interval,x,x,x,x,11.8,15.0,6.1,10.1,9.5,6.8
                   Upper limit of 95% confidence interval,x,x,x,x,14.5,15.0,8.2,12.1,12.1,11.1
,,,,,,,,,,
Obese (clinical),x,x,x,x,4.5,3.9,5.2,6.0,1.9,6.5
                   Lower limit of 95% confidence interval,x,x,x,x,3.7,3.9,4.3,5.2,1.3,4.7
                   Upper limit of 95% confidence interval,x,x,x,x,5.4,3.9,6.1,6.8,2.5,8.4
,,,,,,,,,,
Severely obese (clinical),x,x,x,x,2.0,2.6,5.7,5.6,2.3,2.4
                   Lower limit of 95% confidence interval,x,x,x,x,1.5,2.6,4.7,4.8,1.7,1.2
                   Upper limit of 95% confidence interval,x,x,x,x,2.6,2.6,6.6,6.3,3.0,3.5
,,,,,,,,,,
,,,,,,,,,,
"Overweight, Obese and severely obese combined (clinical) ",x,x,x,x,19.7,21.5,18.0,22.7,15.0,17.9
                   Lower limit of 95% confidence interval,x,x,x,x,18.1,21.5,16.4,21.3,13.5,15.0
                   Upper limit of 95% confidence interval,x,x,x,x,21.3,21.5,19.6,24.1,16.6,20.8
,,,,,,,,,,
Obese and severely obese combined (clinical) ,x,x,x,x,6.6,6.4,10.9,11.6,4.2,8.9
                   Lower limit of 95% confidence interval,x,x,x,x,5.6,6.4,9.6,10.5,3.4,6.8
                   Upper limit of 95% confidence interval,x,x,x,x,7.6,6.4,12.2,12.6,5.1,11.1
,,,,,,,,,,
Perth & Kinross,,,,,,,,,,
Number of children measured,"1,380","1,293","1,345","1,325","1,407","1,349","1,440","1,483","1,441","1,361"
,,,,,,,,,,
Underweight (clinical),0.4,0.1,0.2,0.3,0.6,0.2,0.1,0.1,0.1,0.3
                   Lower limit of 95% confidence interval,0.3,0.0,0.2,0.2,0.5,0.2,0.0,0.1,0.0,0.2
                   Upper limit of 95% confidence interval,0.5,0.1,0.3,0.4,0.7,0.3,0.1,0.2,0.1,0.4
,,,,,,,,,,
Healthy weight (clinical),85.7,86.4,86.5,86.5,85.1,87.1,85.2,85.4,84.7,84.5
                   Lower limit of 95% confidence interval,85.1,85.9,86.1,86.0,84.7,86.9,84.9,85.1,84.2,83.9
                   Upper limit of 95% confidence interval,86.3,86.9,86.9,87.0,85.5,87.3,85.5,85.6,85.3,85.1
,,,,,,,,,,
Overweight (clinical),9.2,8.7,8.1,7.8,8.4,7.1,9.6,8.8,9.7,8.9
                   Lower limit of 95% confidence interval,8.7,8.3,7.8,7.5,8.1,6.9,9.3,8.6,9.3,8.4
                   Upper limit of 95% confidence interval,9.7,9.2,8.4,8.2,8.7,7.3,9.8,9.0,10.2,9.4
,,,,,,,,,,
Obese (clinical),2.8,3.6,3.6,3.4,3.9,3.6,2.8,3.6,3.4,3.8
                   Lower limit of 95% confidence interval,2.5,3.4,3.4,3.1,3.7,3.5,2.7,3.4,3.1,3.5
                   Upper limit of 95% confidence interval,3.1,3.9,3.9,3.7,4.1,3.8,3.0,3.7,3.7,4.1
,,,,,,,,,,
Severely obese (clinical),1.9,1.2,1.6,2.0,2.1,1.9,2.3,2.1,2.1,2.5
                   Lower limit of 95% confidence interval,1.6,1.0,1.4,1.8,1.9,1.8,2.2,2.0,1.9,2.2
                   Upper limit of 95% confidence interval,2.1,1.3,1.7,2.2,2.2,2.0,2.4,2.2,2.3,2.8
,,,,,,,,,,
,,,,,,,,,,
"Overweight, Obese and severely obese combined (clinical) ",13.9,13.5,13.3,13.2,14.4,12.7,14.7,14.5,15.2,15.2
                   Lower limit of 95% confidence interval,13.3,13.0,12.9,12.7,13.9,12.5,14.4,14.2,14.6,14.6
                   Upper limit of 95% confidence interval,14.5,14.0,13.7,13.7,14.8,12.9,15.0,14.8,15.8,15.8
,,,,,,,,,,
Obese and severely obese combined (clinical) ,4.7,4.8,5.2,5.4,6.0,5.6,5.1,5.7,5.5,6.3
                   Lower limit of 95% confidence interval,4.3,4.5,5.0,5.0,5.7,5.4,5.0,5.5,5.1,5.9
                   Upper limit of 95% confidence interval,5.1,5.1,5.5,5.7,6.3,5.7,5.3,5.8,5.8,6.7
,,,,,,,,,,
Renfrewshire,,,,,,,,,,
Number of children measured,"1,607","1,551","1,556","1,719","1,744","1,744","1,834","1,789","1,711","1,732"
,,,,,,,,,,
Underweight (clinical),1.1,1.2,0.8,1.1,0.9,0.1,0.3,0.3,0.4,0.5
                   Lower limit of 95% confidence interval,0.9,1.0,0.7,1.0,0.7,0.1,0.3,0.2,0.3,0.4
                   Upper limit of 95% confidence interval,1.3,1.4,1.0,1.2,1.0,0.2,0.4,0.3,0.5,0.6
,,,,,,,,,,
Healthy weight (clinical),85.3,87.9,88.2,87.4,87.7,85.3,85.9,85.6,84.8,86.6
                   Lower limit of 95% confidence interval,84.7,87.4,87.7,87.0,87.2,84.8,85.7,85.2,84.3,86.2
                   Upper limit of 95% confidence interval,86.0,88.5,88.8,87.8,88.1,85.7,86.1,86.1,85.3,87.0
,,,,,,,,,,
Overweight (clinical),7.8,6.8,7.3,6.9,6.5,8.9,8.1,8.7,9.6,7.0
                   Lower limit of 95% confidence interval,7.3,6.4,6.9,6.6,6.2,8.6,8.0,8.4,9.2,6.7
                   Upper limit of 95% confidence interval,8.3,7.3,7.8,7.2,6.9,9.3,8.3,9.1,10.0,7.3
,,,,,,,,,,
Obese (clinical),3.8,2.4,2.1,2.9,3.0,3.3,3.4,3.0,3.4,3.6
                   Lower limit of 95% confidence interval,3.4,2.1,1.9,2.7,2.7,3.1,3.3,2.8,3.1,3.4
                   Upper limit of 95% confidence interval,4.1,2.7,2.4,3.1,3.2,3.5,3.5,3.2,3.7,3.9
,,,,,,,,,,
Severely obese (clinical),1.9,1.7,1.5,1.7,1.9,2.4,2.2,2.3,1.8,2.3
                   Lower limit of 95% confidence interval,1.7,1.4,1.3,1.6,1.8,2.2,2.1,2.2,1.6,2.1
                   Upper limit of 95% confidence interval,2.2,1.9,1.7,1.9,2.1,2.5,2.3,2.5,2.0,2.4
,,,,,,,,,,
,,,,,,,,,,
"Overweight, Obese and severely obese combined (clinical) ",13.6,10.9,10.9,11.5,11.5,14.6,13.7,14.1,14.8,12.9
                   Lower limit of 95% confidence interval,12.9,10.3,10.4,11.1,11.0,14.2,13.5,13.6,14.3,12.5
                   Upper limit of 95% confidence interval,14.2,11.5,11.5,11.8,11.9,15.0,13.9,14.5,15.3,13.3
,,,,,,,,,,
Obese and severely obese combined (clinical) ,5.7,4.1,3.6,4.6,4.9,5.7,5.6,5.4,5.2,5.9
                   Lower limit of 95% confidence interval,5.3,3.7,3.3,4.3,4.6,5.4,5.5,5.1,4.9,5.6
                   Upper limit of 95% confidence interval,6.2,4.4,3.9,4.8,5.2,6.0,5.8,5.7,5.5,6.2
,,,,,,,,,,
Shetland Islands,,,,,,,,,,
Number of children measured,x,x,244,239,239,273,230,262,288,273
,,,,,,,,,,
Underweight (clinical),x,x,-,0.8,0.4,0.4,-,-,-,-
                   Lower limit of 95% confidence interval,x,x,-,0.5,0.2,0.2,-,-,-,-
                   Upper limit of 95% confidence interval,x,x,-,1.1,0.7,0.6,-,-,-,-
,,,,,,,,,,
Healthy weight (clinical),x,x,86.9,80.8,86.6,83.2,85.2,87.8,81.3,85.0
                   Lower limit of 95% confidence interval,x,x,85.8,79.5,85.4,81.9,83.2,87.8,81.3,84.5
                   Upper limit of 95% confidence interval,x,x,88.0,82.0,87.8,84.4,87.2,87.8,81.3,85.4
,,,,,,,,,,
Overweight (clinical),x,x,8.2,10.5,8.8,11.0,7.0,8.8,10.4,10.3
                   Lower limit of 95% confidence interval,x,x,7.3,9.5,7.8,9.9,5.5,8.8,10.4,9.9
                   Upper limit of 95% confidence interval,x,x,9.1,11.4,9.8,12.0,8.4,8.8,10.4,10.6
,,,,,,,,,,
Obese (clinical),x,x,3.3,4.6,2.5,2.9,4.3,1.9,2.8,1.8
                   Lower limit of 95% confidence interval,x,x,2.7,3.9,1.9,2.4,3.2,1.9,2.8,1.7
                   Upper limit of 95% confidence interval,x,x,3.9,5.3,3.1,3.5,5.5,1.9,2.8,2.0
,,,,,,,,,,
Severely obese (clinical),x,x,1.6,3.3,1.7,2.6,3.5,1.5,5.6,2.9
                   Lower limit of 95% confidence interval,x,x,1.2,2.8,1.2,2.0,2.5,1.5,5.6,2.7
                   Upper limit of 95% confidence interval,x,x,2.0,3.9,2.1,3.1,4.5,1.5,5.6,3.1
,,,,,,,,,,
,,,,,,,,,,
"Overweight, Obese and severely obese combined (clinical) ",x,x,13.1,18.4,13.0,16.5,14.8,12.2,18.8,15.0
                   Lower limit of 95% confidence interval,x,x,12.0,17.2,11.8,15.2,12.8,12.2,18.8,14.6
                   Upper limit of 95% confidence interval,x,x,14.2,19.6,14.2,17.7,16.8,12.2,18.8,15.5
,,,,,,,,,,
Obese and severely obese combined (clinical) ,x,x,4.9,7.9,4.2,5.5,7.8,3.4,8.3,4.8
                   Lower limit of 95% confidence interval,x,x,4.2,7.1,3.5,4.7,6.3,3.4,8.3,4.5
                   Upper limit of 95% confidence interval,x,x,5.6,8.8,4.9,6.3,9.3,3.4,8.3,5.0
,,,,,,,,,,
South Ayrshire,,,,,,,,,,
Number of children measured,x,958,"1,036","1,047",999,"1,094","1,099","1,058","1,075","1,120"
,,,,,,,,,,
Underweight (clinical),x,0.6,0.7,1.2,0.1,0.3,0.8,0.6,0.4,0.3
                   Lower limit of 95% confidence interval,x,0.5,0.7,1.1,0.0,0.3,0.7,0.4,0.3,0.2
                   Upper limit of 95% confidence interval,x,0.8,0.7,1.4,0.2,0.3,0.9,0.7,0.4,0.3
,,,,,,,,,,
Healthy weight (clinical),x,85.4,89.6,84.2,82.5,86.6,86.0,82.8,84.8,84.0
                   Lower limit of 95% confidence interval,x,84.7,89.6,83.8,81.7,86.6,85.7,82.1,84.5,83.7
                   Upper limit of 95% confidence interval,x,86.1,89.6,84.6,83.3,86.6,86.3,83.5,85.2,84.3
,,,,,,,,,,
Overweight (clinical),x,9.5,5.0,9.6,10.5,9.4,7.6,9.0,8.1,9.8
                   Lower limit of 95% confidence interval,x,8.9,5.0,9.2,9.8,9.4,7.4,8.5,7.9,9.6
                   Upper limit of 95% confidence interval,x,10.1,5.0,9.9,11.2,9.4,7.9,9.5,8.3,10.1
,,,,,,,,,,
Obese (clinical),x,3.3,3.0,3.3,3.8,1.7,3.1,4.6,3.8,2.9
                   Lower limit of 95% confidence interval,x,3.0,3.0,3.1,3.4,1.7,2.9,4.3,3.6,2.7
                   Upper limit of 95% confidence interval,x,3.7,3.0,3.5,4.2,1.7,3.3,5.0,4.0,3.0
,,,,,,,,,,
Severely obese (clinical),x,1.1,1.7,1.6,3.1,2.0,2.5,3.0,2.9,3.0
                   Lower limit of 95% confidence interval,x,0.9,1.7,1.5,2.7,2.0,2.3,2.7,2.7,2.9
                   Upper limit of 95% confidence interval,x,1.4,1.7,1.8,3.5,2.0,2.6,3.3,3.0,3.2
,,,,,,,,,,
,,,,,,,,,,
"Overweight, Obese and severely obese combined (clinical) ",x,14.0,9.7,14.5,17.4,13.2,13.2,16.6,14.8,15.7
                   Lower limit of 95% confidence interval,x,13.3,9.7,14.1,16.6,13.2,12.9,16.0,14.5,15.4
                   Upper limit of 95% confidence interval,x,14.7,9.7,14.9,18.2,13.2,13.5,17.3,15.1,16.0
,,,,,,,,,,
Obese and severely obese combined (clinical) ,x,4.5,4.7,5.0,6.9,3.7,5.6,7.7,6.7,5.9
                   Lower limit of 95% confidence interval,x,4.1,4.7,4.7,6.4,3.7,5.3,7.2,6.5,5.7
                   Upper limit of 95% confidence interval,x,4.9,4.7,5.2,7.5,3.7,5.8,8.1,6.9,6.1
,,,,,,,,,,
South Lanarkshire,,,,,,,,,,
Number of children measured,"2,464","2,576","2,908","2,641","2,585","3,368","3,297","3,400","3,376","3,325"
,,,,,,,,,,
Underweight (clinical),0.7,1.4,0.7,1.0,1.4,1.1,0.7,0.6,0.4,0.3
                   Lower limit of 95% confidence interval,0.5,1.2,0.6,0.8,1.2,1.1,0.7,0.5,0.3,0.3
                   Upper limit of 95% confidence interval,0.9,1.6,0.7,1.2,1.7,1.1,0.8,0.6,0.4,0.3
,,,,,,,,,,
Healthy weight (clinical),86.9,85.1,87.0,88.1,88.4,86.6,87.7,86.2,86.2,86.1
                   Lower limit of 95% confidence interval,86.2,84.4,86.7,87.5,87.8,86.4,87.5,86.0,86.0,85.9
                   Upper limit of 95% confidence interval,87.5,85.7,87.4,88.6,89.0,86.7,88.0,86.5,86.4,86.3
,,,,,,,,,,
Overweight (clinical),7.8,8.3,7.5,6.5,6.0,7.1,7.2,7.7,7.7,7.7
                   Lower limit of 95% confidence interval,7.2,7.8,7.2,6.0,5.5,7.0,7.0,7.5,7.5,7.6
                   Upper limit of 95% confidence interval,8.3,8.8,7.7,6.9,6.4,7.2,7.4,7.9,7.9,7.8
,,,,,,,,,,
Obese (clinical),3.0,3.3,2.8,2.7,2.4,3.0,2.6,3.3,3.4,3.8
                   Lower limit of 95% confidence interval,2.6,3.0,2.6,2.4,2.1,3.0,2.5,3.2,3.3,3.7
                   Upper limit of 95% confidence interval,3.3,3.7,3.0,3.0,2.6,3.1,2.7,3.5,3.5,3.9
,,,,,,,,,,
Severely obese (clinical),1.7,1.9,2.0,1.7,1.9,2.2,1.8,2.2,2.3,2.1
                   Lower limit of 95% confidence interval,1.5,1.7,1.9,1.5,1.6,2.1,1.7,2.1,2.2,2.0
                   Upper limit of 95% confidence interval,2.0,2.2,2.2,1.9,2.1,2.3,1.9,2.3,2.4,2.2
,,,,,,,,,,
,,,,,,,,,,
"Overweight, Obese and severely obese combined (clinical) ",12.5,13.5,12.3,10.9,10.2,12.3,11.5,13.2,13.4,13.6
                   Lower limit of 95% confidence interval,11.8,12.9,12.0,10.4,9.6,12.2,11.3,13.0,13.2,13.4
                   Upper limit of 95% confidence interval,13.1,14.2,12.7,11.5,10.7,12.5,11.8,13.5,13.7,13.8
,,,,,,,,,,
Obese and severely obese combined (clinical) ,4.7,5.3,4.8,4.4,4.2,5.2,4.4,5.5,5.7,5.9
                   Lower limit of 95% confidence interval,4.3,4.9,4.6,4.1,3.8,5.1,4.2,5.4,5.6,5.8
                   Upper limit of 95% confidence interval,5.1,5.7,5.1,4.8,4.6,5.3,4.5,5.7,5.9,6.0
,,,,,,,,,,
Stirling,,,,,,,,,,
Number of children measured,835,779,925,924,892,895,837,810,960,872
,,,,,,,,,,
Underweight (clinical),0.5,0.6,0.6,0.8,0.1,0.2,0.0,0.2,0.4,0.1
                   Lower limit of 95% confidence interval,0.3,0.4,0.5,0.6,0.1,0.2,0.0,0.1,0.4,0.1
                   Upper limit of 95% confidence interval,0.7,0.8,0.8,0.9,0.2,0.3,0.0,0.4,0.4,0.2
,,,,,,,,,,
Healthy weight (clinical),87.4,85.8,87.5,86.6,87.7,86.7,86.9,88.3,87.8,86.7
                   Lower limit of 95% confidence interval,86.5,84.9,87.0,86.1,87.1,86.2,86.1,87.5,87.8,86.2
                   Upper limit of 95% confidence interval,88.3,86.6,87.9,87.1,88.2,87.2,87.6,89.0,87.8,87.2
,,,,,,,,,,
Overweight (clinical),7.9,9.2,7.7,7.1,6.7,7.4,8.2,7.5,6.5,8.4
                   Lower limit of 95% confidence interval,7.2,8.5,7.3,6.8,6.3,7.0,7.6,6.9,6.5,8.0
                   Upper limit of 95% confidence interval,8.6,10.0,8.0,7.5,7.1,7.7,8.9,8.1,6.5,8.8
,,,,,,,,,,
Obese (clinical),1.9,2.3,2.9,3.5,3.1,4.1,3.1,3.1,3.0,3.2
                   Lower limit of 95% confidence interval,1.5,1.9,2.7,3.2,2.8,3.9,2.7,2.7,3.0,2.9
                   Upper limit of 95% confidence interval,2.3,2.7,3.2,3.7,3.4,4.4,3.5,3.5,3.0,3.5
,,,,,,,,,,
Severely obese (clinical),2.3,2.1,1.3,2.1,2.4,1.6,1.8,0.9,2.3,1.6
                   Lower limit of 95% confidence interval,1.9,1.7,1.1,1.8,2.1,1.4,1.5,0.7,2.3,1.4
                   Upper limit of 95% confidence interval,2.7,2.4,1.5,2.3,2.6,1.7,2.1,1.1,2.3,1.8
,,,,,,,,,,
,,,,,,,,,,
"Overweight, Obese and severely obese combined (clinical) ",12.1,13.6,11.9,12.7,12.2,13.1,13.1,11.5,11.8,13.2
                   Lower limit of 95% confidence interval,11.2,12.7,11.4,12.2,11.7,12.6,12.4,10.8,11.8,12.7
                   Upper limit of 95% confidence interval,13.0,14.5,12.3,13.2,12.8,13.5,13.9,12.2,11.8,13.7
,,,,,,,,,,
Obese and severely obese combined (clinical) ,4.2,4.4,4.2,5.5,5.5,5.7,4.9,4.0,5.3,4.8
                   Lower limit of 95% confidence interval,3.7,3.8,3.9,5.2,5.1,5.4,4.4,3.5,5.3,4.5
                   Upper limit of 95% confidence interval,4.7,4.9,4.5,5.9,5.9,6.0,5.4,4.4,5.3,5.1
,,,,,,,,,,
West Lothian,,,,,,,,,,
Number of children measured,x,x,1845,1826,1954,2102,2187,2147,2101,2028
,,,,,,,,,,
Underweight (clinical),x,x,0.9,1.5,1.4,0.3,0.3,0.3,0.2,0.3
                   Lower limit of 95% confidence interval,x,x,0.8,1.3,1.3,0.2,0.2,0.3,0.1,0.3
                   Upper limit of 95% confidence interval,x,x,1.1,1.8,1.6,0.3,0.3,0.4,0.3,0.4
,,,,,,,,,,
Healthy weight (clinical),x,x,84.8,86.7,85.8,85.6,84.8,86.4,83.8,84.6
                   Lower limit of 95% confidence interval,x,x,84.3,86.1,85.3,85.2,84.5,85.9,83.2,84.1
                   Upper limit of 95% confidence interval,x,x,85.3,87.3,86.3,86.0,85.2,86.9,84.3,85.1
,,,,,,,,,,
Overweight (clinical),x,x,8.7,7.1,6.3,8.3,9.2,8.3,9.0,9.1
                   Lower limit of 95% confidence interval,x,x,8.3,6.7,6.0,8.0,9.0,8.0,8.6,8.7
                   Upper limit of 95% confidence interval,x,x,9.1,7.6,6.7,8.6,9.5,8.7,9.4,9.5
,,,,,,,,,,
Obese (clinical),x,x,3.1,3.0,3.6,3.9,3.4,3.1,4.6,3.6
                   Lower limit of 95% confidence interval,x,x,2.9,2.7,3.3,3.7,3.3,2.9,4.3,3.4
                   Upper limit of 95% confidence interval,x,x,3.4,3.3,3.9,4.2,3.6,3.4,4.9,3.9
,,,,,,,,,,
Severely obese (clinical),x,x,2.4,1.7,2.9,1.9,2.2,1.8,2.4,2.4
                   Lower limit of 95% confidence interval,x,x,2.2,1.5,2.6,1.7,2.1,1.6,2.2,2.2
                   Upper limit of 95% confidence interval,x,x,2.6,1.9,3.1,2.0,2.4,2.0,2.7,2.6
,,,,,,,,,,
,,,,,,,,,,
"Overweight, Obese and severely obese combined (clinical) ",x,x,14.3,11.8,12.8,14.1,14.9,13.3,16.0,15.1
                   Lower limit of 95% confidence interval,x,x,13.8,11.2,12.3,13.7,14.6,12.8,15.5,14.6
                   Upper limit of 95% confidence interval,x,x,14.7,12.4,13.3,14.5,15.2,13.7,16.6,15.6
,,,,,,,,,,
Obese and severely obese combined (clinical) ,x,x,5.5,4.7,6.4,5.8,5.7,4.9,7.0,6.0
                   Lower limit of 95% confidence interval,x,x,5.2,4.3,6.1,5.5,5.5,4.6,6.7,5.7
                   Upper limit of 95% confidence interval,x,x,5.8,5.0,6.8,6.1,5.9,5.2,7.4,6.3